[{"model": "admin.logentry", "pk": 1, "fields": {"action_time": "2024-05-14T14:19:22.249Z", "user": 3, "content_type": 8, "object_id": "1", "object_repr": "tags object (1)", "action_flag": 1, "change_message": "[{\"added\": {}}]"}}, {"model": "admin.logentry", "pk": 2, "fields": {"action_time": "2024-05-14T14:19:34.771Z", "user": 3, "content_type": 8, "object_id": "2", "object_repr": "tags object (2)", "action_flag": 1, "change_message": "[{\"added\": {}}]"}}, {"model": "admin.logentry", "pk": 3, "fields": {"action_time": "2024-05-14T14:19:44.020Z", "user": 3, "content_type": 8, "object_id": "3", "object_repr": "tags object (3)", "action_flag": 1, "change_message": "[{\"added\": {}}]"}}, {"model": "admin.logentry", "pk": 4, "fields": {"action_time": "2024-05-14T14:20:00.627Z", "user": 3, "content_type": 8, "object_id": "4", "object_repr": "tags object (4)", "action_flag": 1, "change_message": "[{\"added\": {}}]"}}, {"model": "admin.logentry", "pk": 5, "fields": {"action_time": "2024-05-14T14:20:09.117Z", "user": 3, "content_type": 8, "object_id": "5", "object_repr": "tags object (5)", "action_flag": 1, "change_message": "[{\"added\": {}}]"}}, {"model": "admin.logentry", "pk": 6, "fields": {"action_time": "2024-05-14T14:20:19.024Z", "user": 3, "content_type": 8, "object_id": "6", "object_repr": "tags object (6)", "action_flag": 1, "change_message": "[{\"added\": {}}]"}}, {"model": "admin.logentry", "pk": 7, "fields": {"action_time": "2024-05-14T14:20:28.325Z", "user": 3, "content_type": 8, "object_id": "7", "object_repr": "tags object (7)", "action_flag": 1, "change_message": "[{\"added\": {}}]"}}, {"model": "admin.logentry", "pk": 8, "fields": {"action_time": "2024-05-14T14:20:37.510Z", "user": 3, "content_type": 8, "object_id": "8", "object_repr": "tags object (8)", "action_flag": 1, "change_message": "[{\"added\": {}}]"}}, {"model": "admin.logentry", "pk": 9, "fields": {"action_time": "2024-05-14T14:20:46.737Z", "user": 3, "content_type": 8, "object_id": "9", "object_repr": "tags object (9)", "action_flag": 1, "change_message": "[{\"added\": {}}]"}}, {"model": "admin.logentry", "pk": 10, "fields": {"action_time": "2024-05-14T14:20:58.367Z", "user": 3, "content_type": 8, "object_id": "10", "object_repr": "tags object (10)", "action_flag": 1, "change_message": "[{\"added\": {}}]"}}, {"model": "admin.logentry", "pk": 11, "fields": {"action_time": "2024-05-14T14:21:06.438Z", "user": 3, "content_type": 8, "object_id": "11", "object_repr": "tags object (11)", "action_flag": 1, "change_message": "[{\"added\": {}}]"}}, {"model": "admin.logentry", "pk": 12, "fields": {"action_time": "2024-05-14T14:21:13.751Z", "user": 3, "content_type": 8, "object_id": "12", "object_repr": "tags object (12)", "action_flag": 1, "change_message": "[{\"added\": {}}]"}}, {"model": "admin.logentry", "pk": 13, "fields": {"action_time": "2024-05-14T14:21:21.310Z", "user": 3, "content_type": 8, "object_id": "13", "object_repr": "tags object (13)", "action_flag": 1, "change_message": "[{\"added\": {}}]"}}, {"model": "admin.logentry", "pk": 14, "fields": {"action_time": "2024-05-14T14:21:29.767Z", "user": 3, "content_type": 8, "object_id": "14", "object_repr": "tags object (14)", "action_flag": 1, "change_message": "[{\"added\": {}}]"}}, {"model": "admin.logentry", "pk": 15, "fields": {"action_time": "2024-05-14T14:21:36.780Z", "user": 3, "content_type": 8, "object_id": "15", "object_repr": "tags object (15)", "action_flag": 1, "change_message": "[{\"added\": {}}]"}}, {"model": "admin.logentry", "pk": 16, "fields": {"action_time": "2024-05-14T14:21:45.772Z", "user": 3, "content_type": 8, "object_id": "16", "object_repr": "tags object (16)", "action_flag": 1, "change_message": "[{\"added\": {}}]"}}, {"model": "admin.logentry", "pk": 17, "fields": {"action_time": "2024-05-14T14:21:55.753Z", "user": 3, "content_type": 8, "object_id": "17", "object_repr": "tags object (17)", "action_flag": 1, "change_message": "[{\"added\": {}}]"}}, {"model": "admin.logentry", "pk": 18, "fields": {"action_time": "2024-05-14T14:22:02.844Z", "user": 3, "content_type": 8, "object_id": "18", "object_repr": "tags object (18)", "action_flag": 1, "change_message": "[{\"added\": {}}]"}}, {"model": "admin.logentry", "pk": 19, "fields": {"action_time": "2024-05-14T14:22:11.890Z", "user": 3, "content_type": 8, "object_id": "19", "object_repr": "tags object (19)", "action_flag": 1, "change_message": "[{\"added\": {}}]"}}, {"model": "admin.logentry", "pk": 20, "fields": {"action_time": "2024-05-14T14:22:18.997Z", "user": 3, "content_type": 8, "object_id": "20", "object_repr": "tags object (20)", "action_flag": 1, "change_message": "[{\"added\": {}}]"}}, {"model": "admin.logentry", "pk": 21, "fields": {"action_time": "2024-05-14T14:22:27.276Z", "user": 3, "content_type": 8, "object_id": "21", "object_repr": "tags object (21)", "action_flag": 1, "change_message": "[{\"added\": {}}]"}}, {"model": "admin.logentry", "pk": 22, "fields": {"action_time": "2024-05-14T14:22:35.726Z", "user": 3, "content_type": 8, "object_id": "22", "object_repr": "tags object (22)", "action_flag": 1, "change_message": "[{\"added\": {}}]"}}, {"model": "admin.logentry", "pk": 23, "fields": {"action_time": "2024-05-14T14:22:43.700Z", "user": 3, "content_type": 8, "object_id": "23", "object_repr": "tags object (23)", "action_flag": 1, "change_message": "[{\"added\": {}}]"}}, {"model": "admin.logentry", "pk": 24, "fields": {"action_time": "2024-05-14T14:22:51.062Z", "user": 3, "content_type": 8, "object_id": "24", "object_repr": "tags object (24)", "action_flag": 1, "change_message": "[{\"added\": {}}]"}}, {"model": "admin.logentry", "pk": 25, "fields": {"action_time": "2024-05-14T14:22:58.405Z", "user": 3, "content_type": 8, "object_id": "25", "object_repr": "tags object (25)", "action_flag": 1, "change_message": "[{\"added\": {}}]"}}, {"model": "admin.logentry", "pk": 26, "fields": {"action_time": "2024-05-14T14:23:05.353Z", "user": 3, "content_type": 8, "object_id": "26", "object_repr": "tags object (26)", "action_flag": 1, "change_message": "[{\"added\": {}}]"}}, {"model": "admin.logentry", "pk": 27, "fields": {"action_time": "2024-05-14T14:23:13.782Z", "user": 3, "content_type": 8, "object_id": "27", "object_repr": "tags object (27)", "action_flag": 1, "change_message": "[{\"added\": {}}]"}}, {"model": "admin.logentry", "pk": 28, "fields": {"action_time": "2024-05-14T14:23:28.469Z", "user": 3, "content_type": 8, "object_id": "28", "object_repr": "tags object (28)", "action_flag": 1, "change_message": "[{\"added\": {}}]"}}, {"model": "admin.logentry", "pk": 29, "fields": {"action_time": "2024-05-14T14:23:33.991Z", "user": 3, "content_type": 8, "object_id": "29", "object_repr": "tags object (29)", "action_flag": 1, "change_message": "[{\"added\": {}}]"}}, {"model": "admin.logentry", "pk": 30, "fields": {"action_time": "2024-05-14T14:23:47.602Z", "user": 3, "content_type": 8, "object_id": "30", "object_repr": "tags object (30)", "action_flag": 1, "change_message": "[{\"added\": {}}]"}}, {"model": "admin.logentry", "pk": 31, "fields": {"action_time": "2024-05-14T14:24:26.722Z", "user": 3, "content_type": 8, "object_id": "31", "object_repr": "tags object (31)", "action_flag": 1, "change_message": "[{\"added\": {}}]"}}, {"model": "admin.logentry", "pk": 32, "fields": {"action_time": "2024-05-14T14:52:29.981Z", "user": 3, "content_type": 10, "object_id": "1", "object_repr": "recp_category object (1)", "action_flag": 1, "change_message": "[{\"added\": {}}]"}}, {"model": "admin.logentry", "pk": 33, "fields": {"action_time": "2024-05-14T14:52:34.963Z", "user": 3, "content_type": 10, "object_id": "2", "object_repr": "recp_category object (2)", "action_flag": 1, "change_message": "[{\"added\": {}}]"}}, {"model": "admin.logentry", "pk": 34, "fields": {"action_time": "2024-05-14T14:52:42.393Z", "user": 3, "content_type": 10, "object_id": "3", "object_repr": "recp_category object (3)", "action_flag": 1, "change_message": "[{\"added\": {}}]"}}, {"model": "auth.permission", "pk": 1, "fields": {"name": "Can add log entry", "content_type": 1, "codename": "add_logentry"}}, {"model": "auth.permission", "pk": 2, "fields": {"name": "Can change log entry", "content_type": 1, "codename": "change_logentry"}}, {"model": "auth.permission", "pk": 3, "fields": {"name": "Can delete log entry", "content_type": 1, "codename": "delete_logentry"}}, {"model": "auth.permission", "pk": 4, "fields": {"name": "Can view log entry", "content_type": 1, "codename": "view_logentry"}}, {"model": "auth.permission", "pk": 5, "fields": {"name": "Can add permission", "content_type": 2, "codename": "add_permission"}}, {"model": "auth.permission", "pk": 6, "fields": {"name": "Can change permission", "content_type": 2, "codename": "change_permission"}}, {"model": "auth.permission", "pk": 7, "fields": {"name": "Can delete permission", "content_type": 2, "codename": "delete_permission"}}, {"model": "auth.permission", "pk": 8, "fields": {"name": "Can view permission", "content_type": 2, "codename": "view_permission"}}, {"model": "auth.permission", "pk": 9, "fields": {"name": "Can add group", "content_type": 3, "codename": "add_group"}}, {"model": "auth.permission", "pk": 10, "fields": {"name": "Can change group", "content_type": 3, "codename": "change_group"}}, {"model": "auth.permission", "pk": 11, "fields": {"name": "Can delete group", "content_type": 3, "codename": "delete_group"}}, {"model": "auth.permission", "pk": 12, "fields": {"name": "Can view group", "content_type": 3, "codename": "view_group"}}, {"model": "auth.permission", "pk": 13, "fields": {"name": "Can add user", "content_type": 4, "codename": "add_user"}}, {"model": "auth.permission", "pk": 14, "fields": {"name": "Can change user", "content_type": 4, "codename": "change_user"}}, {"model": "auth.permission", "pk": 15, "fields": {"name": "Can delete user", "content_type": 4, "codename": "delete_user"}}, {"model": "auth.permission", "pk": 16, "fields": {"name": "Can view user", "content_type": 4, "codename": "view_user"}}, {"model": "auth.permission", "pk": 17, "fields": {"name": "Can add content type", "content_type": 5, "codename": "add_contenttype"}}, {"model": "auth.permission", "pk": 18, "fields": {"name": "Can change content type", "content_type": 5, "codename": "change_contenttype"}}, {"model": "auth.permission", "pk": 19, "fields": {"name": "Can delete content type", "content_type": 5, "codename": "delete_contenttype"}}, {"model": "auth.permission", "pk": 20, "fields": {"name": "Can view content type", "content_type": 5, "codename": "view_contenttype"}}, {"model": "auth.permission", "pk": 21, "fields": {"name": "Can add session", "content_type": 6, "codename": "add_session"}}, {"model": "auth.permission", "pk": 22, "fields": {"name": "Can change session", "content_type": 6, "codename": "change_session"}}, {"model": "auth.permission", "pk": 23, "fields": {"name": "Can delete session", "content_type": 6, "codename": "delete_session"}}, {"model": "auth.permission", "pk": 24, "fields": {"name": "Can view session", "content_type": 6, "codename": "view_session"}}, {"model": "auth.permission", "pk": 25, "fields": {"name": "Can add recipes", "content_type": 7, "codename": "add_recipes"}}, {"model": "auth.permission", "pk": 26, "fields": {"name": "Can change recipes", "content_type": 7, "codename": "change_recipes"}}, {"model": "auth.permission", "pk": 27, "fields": {"name": "Can delete recipes", "content_type": 7, "codename": "delete_recipes"}}, {"model": "auth.permission", "pk": 28, "fields": {"name": "Can view recipes", "content_type": 7, "codename": "view_recipes"}}, {"model": "auth.permission", "pk": 29, "fields": {"name": "Can add tags", "content_type": 8, "codename": "add_tags"}}, {"model": "auth.permission", "pk": 30, "fields": {"name": "Can change tags", "content_type": 8, "codename": "change_tags"}}, {"model": "auth.permission", "pk": 31, "fields": {"name": "Can delete tags", "content_type": 8, "codename": "delete_tags"}}, {"model": "auth.permission", "pk": 32, "fields": {"name": "Can view tags", "content_type": 8, "codename": "view_tags"}}, {"model": "auth.permission", "pk": 33, "fields": {"name": "Can add comments", "content_type": 9, "codename": "add_comments"}}, {"model": "auth.permission", "pk": 34, "fields": {"name": "Can change comments", "content_type": 9, "codename": "change_comments"}}, {"model": "auth.permission", "pk": 35, "fields": {"name": "Can delete comments", "content_type": 9, "codename": "delete_comments"}}, {"model": "auth.permission", "pk": 36, "fields": {"name": "Can view comments", "content_type": 9, "codename": "view_comments"}}, {"model": "auth.permission", "pk": 37, "fields": {"name": "Can add recp_category", "content_type": 10, "codename": "add_recp_category"}}, {"model": "auth.permission", "pk": 38, "fields": {"name": "Can change recp_category", "content_type": 10, "codename": "change_recp_category"}}, {"model": "auth.permission", "pk": 39, "fields": {"name": "Can delete recp_category", "content_type": 10, "codename": "delete_recp_category"}}, {"model": "auth.permission", "pk": 40, "fields": {"name": "Can view recp_category", "content_type": 10, "codename": "view_recp_category"}}, {"model": "auth.permission", "pk": 41, "fields": {"name": "Can add profile", "content_type": 11, "codename": "add_profile"}}, {"model": "auth.permission", "pk": 42, "fields": {"name": "Can change profile", "content_type": 11, "codename": "change_profile"}}, {"model": "auth.permission", "pk": 43, "fields": {"name": "Can delete profile", "content_type": 11, "codename": "delete_profile"}}, {"model": "auth.permission", "pk": 44, "fields": {"name": "Can view profile", "content_type": 11, "codename": "view_profile"}}, {"model": "auth.user", "pk": 1, "fields": {"password": "pbkdf2_sha256$720000$1MoDC0WFTGBKAvkCaWhA1I$IEzaPyj5gWCmP3YCxknZkkJpr0WloLASbqiKwhwIFVo=", "last_login": "2024-05-21T12:01:16.507Z", "is_superuser": false, "username": "fs_tester", "first_name": "first", "last_name": "tester", "email": "", "is_staff": false, "is_active": true, "date_joined": "2024-05-03T17:11:06.501Z", "groups": [], "user_permissions": []}}, {"model": "auth.user", "pk": 2, "fields": {"password": "pbkdf2_sha256$720000$9bfpvzDVzkP7qkZ16N2nKN$ous8jDKX7v0ru9UXA3d5TL8TRpe212JLx/QEHvl5BWo=", "last_login": "2024-05-04T17:09:22.130Z", "is_superuser": false, "username": "s_tester", "first_name": "second", "last_name": "tester", "email": "", "is_staff": false, "is_active": true, "date_joined": "2024-05-04T09:39:29.798Z", "groups": [], "user_permissions": []}}, {"model": "auth.user", "pk": 3, "fields": {"password": "pbkdf2_sha256$720000$EKkNp731eaNxklGZp1gvrk$mDgkoWO4JyAeuUJ9UVQuiPkwgHJgEY2calSGp9lRKq4=", "last_login": "2024-05-21T12:46:42.255Z", "is_superuser": true, "username": "sampada", "first_name": "", "last_name": "", "email": "beingdeveloper102@gmail.com", "is_staff": true, "is_active": true, "date_joined": "2024-05-14T12:51:54.586Z", "groups": [], "user_permissions": []}}, {"model": "auth.user", "pk": 24, "fields": {"password": "pbkdf2_sha256$720000$Rf25gDVfYy8v5ZAmnwwvFW$TVGiHhD7weT3nArGuEvkaHfr8/MBNiS/SLRnFMyPTyo=", "last_login": null, "is_superuser": false, "username": "cpowell", "first_name": "Katelyn", "last_name": "Schaefer", "email": "", "is_staff": false, "is_active": true, "date_joined": "2024-05-15T11:23:17.401Z", "groups": [], "user_permissions": []}}, {"model": "auth.user", "pk": 25, "fields": {"password": "pbkdf2_sha256$720000$lXgTfMj38yCBWCaPECqdK6$+0n/BLg9MGaC4GgNnhnJUFeeaM/8ttCaVszrlHOC8Vs=", "last_login": null, "is_superuser": false, "username": "jeffery61", "first_name": "Doris", "last_name": "Salazar", "email": "", "is_staff": false, "is_active": true, "date_joined": "2024-05-15T11:23:18.165Z", "groups": [], "user_permissions": []}}, {"model": "auth.user", "pk": 26, "fields": {"password": "pbkdf2_sha256$720000$bTgtXs90B1xaDhRSQqg4YH$0SEUkrDkkWzfA1/pOcDUk9WHFYLRh51yc2mWQ4oDSkQ=", "last_login": null, "is_superuser": false, "username": "gardnerdenise", "first_name": "Julian", "last_name": "Jones", "email": "", "is_staff": false, "is_active": true, "date_joined": "2024-05-15T11:23:18.860Z", "groups": [], "user_permissions": []}}, {"model": "auth.user", "pk": 27, "fields": {"password": "pbkdf2_sha256$720000$x86nz7RZWbonVnt2Ar5TfQ$8EuWM8eldbrFJY1qyaA1YQx0aLrqhmK1JlGNx9cmBew=", "last_login": null, "is_superuser": false, "username": "zhines", "first_name": "Hunter", "last_name": "Cain", "email": "", "is_staff": false, "is_active": true, "date_joined": "2024-05-15T11:23:19.672Z", "groups": [], "user_permissions": []}}, {"model": "auth.user", "pk": 28, "fields": {"password": "pbkdf2_sha256$720000$KEJG9mGu2y0zLcbqotXSgh$U1WSVlJAuMwDBiYmzWTyX2ywJpO2+T6ZpAxC1AqeFVY=", "last_login": null, "is_superuser": false, "username": "jamescaldwell", "first_name": "Michael", "last_name": "Huff", "email": "", "is_staff": false, "is_active": true, "date_joined": "2024-05-15T11:23:20.498Z", "groups": [], "user_permissions": []}}, {"model": "auth.user", "pk": 29, "fields": {"password": "pbkdf2_sha256$720000$K9bBBuYGpZrwdQK0eFNQHp$g0EDZf1m110PGjAYSkWqgvaiEpnkjaA+0D87/PW1t0s=", "last_login": null, "is_superuser": false, "username": "zacharysmith", "first_name": "Scott", "last_name": "Wallace", "email": "", "is_staff": false, "is_active": true, "date_joined": "2024-05-15T11:23:21.270Z", "groups": [], "user_permissions": []}}, {"model": "auth.user", "pk": 30, "fields": {"password": "pbkdf2_sha256$720000$zqKCK0ms6K4P8VXONldBFX$dLk8qhlce1vQgu42pVxFcTjL0He2vHCx2xsXS5wXKS8=", "last_login": null, "is_superuser": false, "username": "lindamendoza", "first_name": "Jennifer", "last_name": "Grimes", "email": "", "is_staff": false, "is_active": true, "date_joined": "2024-05-15T11:23:23.001Z", "groups": [], "user_permissions": []}}, {"model": "auth.user", "pk": 31, "fields": {"password": "pbkdf2_sha256$720000$37nYi94VRGwBFtCyMrlbtN$HKGVuueieE8CsSvT4INqMrmGsIfbqdlQfeXBG7CZ2vs=", "last_login": null, "is_superuser": false, "username": "ihoward", "first_name": "Barry", "last_name": "Espinoza", "email": "", "is_staff": false, "is_active": true, "date_joined": "2024-05-15T11:23:23.983Z", "groups": [], "user_permissions": []}}, {"model": "auth.user", "pk": 32, "fields": {"password": "pbkdf2_sha256$720000$JAvLqZIrijHF9LNBkPOfh3$yb+aBj7QcMqLfO5WlASrZKUZP7anG5+oKzOSIEuopoI=", "last_login": null, "is_superuser": false, "username": "shelly77", "first_name": "Brett", "last_name": "Bradford", "email": "", "is_staff": false, "is_active": true, "date_joined": "2024-05-15T11:23:24.814Z", "groups": [], "user_permissions": []}}, {"model": "auth.user", "pk": 33, "fields": {"password": "pbkdf2_sha256$720000$CBrUu8BIvnOuE3YAZkRswM$7jFs3yhzQD+bNhvSC3QUzwHPPHP0nyWFVLnufgboJCs=", "last_login": null, "is_superuser": false, "username": "kennethbaker", "first_name": "Brittany", "last_name": "Dodson", "email": "", "is_staff": false, "is_active": true, "date_joined": "2024-05-15T11:23:25.577Z", "groups": [], "user_permissions": []}}, {"model": "auth.user", "pk": 34, "fields": {"password": "pbkdf2_sha256$720000$yn8XML1jxbuGls6zYNpBT8$taEShEFetrHtzFnmUBskiYlN3TUhRAfY46ithEH8UTU=", "last_login": null, "is_superuser": false, "username": "david99", "first_name": "Edward", "last_name": "Reynolds", "email": "", "is_staff": false, "is_active": true, "date_joined": "2024-05-15T11:28:44.988Z", "groups": [], "user_permissions": []}}, {"model": "auth.user", "pk": 35, "fields": {"password": "pbkdf2_sha256$720000$LR8Yv7YpsPWK4cPvf4uF0R$7EyJLopN9WcLhY7KKHifMllY+4GyrWNHMw/2vapXg+o=", "last_login": null, "is_superuser": false, "username": "austinhunter", "first_name": "Amy", "last_name": "Jenkins", "email": "", "is_staff": false, "is_active": true, "date_joined": "2024-05-15T11:28:46.104Z", "groups": [], "user_permissions": []}}, {"model": "auth.user", "pk": 36, "fields": {"password": "pbkdf2_sha256$720000$YnX7ZHPdXffks20b3VOWk6$oT9ojtGpJwi3JLMQHDdQw0u6qaLOMD+Lg8GM4LmWGvs=", "last_login": null, "is_superuser": false, "username": "thanson", "first_name": "Angela", "last_name": "Wilson", "email": "", "is_staff": false, "is_active": true, "date_joined": "2024-05-15T11:28:46.855Z", "groups": [], "user_permissions": []}}, {"model": "auth.user", "pk": 37, "fields": {"password": "pbkdf2_sha256$720000$IOE4Vds8SlPqDZGh3KKItv$/HhV0uTGFeCh0WsMmrsZaK7FAtXgxG9rQARfmvtFavA=", "last_login": null, "is_superuser": false, "username": "lisagallegos", "first_name": "Tina", "last_name": "Camacho", "email": "", "is_staff": false, "is_active": true, "date_joined": "2024-05-15T11:28:47.590Z", "groups": [], "user_permissions": []}}, {"model": "auth.user", "pk": 38, "fields": {"password": "pbkdf2_sha256$720000$Wr6y7Stiq1XKwDo5vmxLqL$rNb9Eh7iWvNHJVYbdjR2sV9QlkUTIWSyUcWDcKVyfyY=", "last_login": null, "is_superuser": false, "username": "jjones", "first_name": "Jillian", "last_name": "Sanders", "email": "", "is_staff": false, "is_active": true, "date_joined": "2024-05-15T11:28:48.342Z", "groups": [], "user_permissions": []}}, {"model": "auth.user", "pk": 39, "fields": {"password": "pbkdf2_sha256$720000$LiKQnGyIMXSFHXTDgburbh$gANKpPXfHR/V+kweH8H/r4QGN9OkJbvqchHPGkJOIg8=", "last_login": "2024-07-10T16:22:01.715Z", "is_superuser": false, "username": "zakhu", "first_name": "zain", "last_name": "khurana", "email": "", "is_staff": false, "is_active": true, "date_joined": "2024-07-10T16:20:58.615Z", "groups": [], "user_permissions": []}}, {"model": "contenttypes.contenttype", "pk": 1, "fields": {"app_label": "admin", "model": "logentry"}}, {"model": "contenttypes.contenttype", "pk": 2, "fields": {"app_label": "auth", "model": "permission"}}, {"model": "contenttypes.contenttype", "pk": 3, "fields": {"app_label": "auth", "model": "group"}}, {"model": "contenttypes.contenttype", "pk": 4, "fields": {"app_label": "auth", "model": "user"}}, {"model": "contenttypes.contenttype", "pk": 5, "fields": {"app_label": "contenttypes", "model": "contenttype"}}, {"model": "contenttypes.contenttype", "pk": 6, "fields": {"app_label": "sessions", "model": "session"}}, {"model": "contenttypes.contenttype", "pk": 7, "fields": {"app_label": "veges", "model": "recipes"}}, {"model": "contenttypes.contenttype", "pk": 8, "fields": {"app_label": "veges", "model": "tags"}}, {"model": "contenttypes.contenttype", "pk": 9, "fields": {"app_label": "veges", "model": "comments"}}, {"model": "contenttypes.contenttype", "pk": 10, "fields": {"app_label": "veges", "model": "recp_category"}}, {"model": "contenttypes.contenttype", "pk": 11, "fields": {"app_label": "veges", "model": "profile"}}, {"model": "sessions.session", "pk": "alcmeniqqbzd8t0pvkheobub7fadeqpb", "fields": {"session_data": ".eJxVjDsOwjAQBe_iGlmOs9hZSvqcIdqPTQLIlvKpEHeHSCmgfTPzXmagbR2HbUnzMKm5mMacfjcmeaSyA71TuVUrtazzxHZX7EEX21dNz-vh_h2MtIzf2kGD0LbgpOsoJKRAwWf1ZybHHBE8S_QQUlKNjOoiZhHIWTAAgpr3B9hDOEI:1s6PT6:fQytsPkW4e_vDuVtWBNkypbtTh5ppnA26odr_Fm4TKs", "expire_date": "2024-05-27T06:47:28.911Z"}}, {"model": "sessions.session", "pk": "jfxyf2yhxizkwaknnl26w7k758x9jxq1", "fields": {"session_data": ".eJxVjEEOwiAQRe_C2hCY0mlx6d4zkBmYStVAUtqV8e7apAvd_vfef6lA25rD1mQJc1Jn1Xl1-h2Z4kPKTtKdyq3qWMu6zKx3RR-06WtN8rwc7t9Bppa_tXM9OHCW49QhmZGIaQKDhjzxABHQO_CAphPEEazEnhJAZJABGa16fwD0zTeK:1sRa4v:Txi3Ixob8-YkiHS1s01iCeeKSETe_BYNjCmVZ-B_2yc", "expire_date": "2024-07-24T16:22:01.823Z"}}, {"model": "sessions.session", "pk": "nfrfgbt482c6h2x3ptahsyl8uiqjm591", "fields": {"session_data": ".eJxVjEEOwiAQRe_C2hCY0mlx6d4zkBmYStVAUtqV8e7apAvd_vfef6lA25rD1mQJc1Jn1Xl1-h2Z4kPKTtKdyq3qWMu6zKx3RR-06WtN8rwc7t9Bppa_tXM9OHCW49QhmZGIaQKDhjzxABHQO_CAphPEEazEnhJAZJABGa16fwD0zTeK:1sRa4C:13_yqbqr5v1uLSwsieIFLJnY1ODtsBiwTX4E_k_mzuQ", "expire_date": "2024-07-24T16:21:16.130Z"}}, {"model": "veges.tags", "pk": 1, "fields": {"tag": "roasted"}}, {"model": "veges.tags", "pk": 2, "fields": {"tag": "Breakfast"}}, {"model": "veges.tags", "pk": 3, "fields": {"tag": "cakes"}}, {"model": "veges.tags", "pk": 4, "fields": {"tag": "home-made"}}, {"model": "veges.tags", "pk": 5, "fields": {"tag": "Italian"}}, {"model": "veges.tags", "pk": 6, "fields": {"tag": "dinner-date"}}, {"model": "veges.tags", "pk": 7, "fields": {"tag": "muffins"}}, {"model": "veges.tags", "pk": 8, "fields": {"tag": "pancakes"}}, {"model": "veges.tags", "pk": 9, "fields": {"tag": "omelets"}}, {"model": "veges.tags", "pk": 10, "fields": {"tag": "lunch-date"}}, {"model": "veges.tags", "pk": 11, "fields": {"tag": "Mexican"}}, {"model": "veges.tags", "pk": 12, "fields": {"tag": "Lunch"}}, {"model": "veges.tags", "pk": 13, "fields": {"tag": "party"}}, {"model": "veges.tags", "pk": 14, "fields": {"tag": "Japanese"}}, {"model": "veges.tags", "pk": 15, "fields": {"tag": "curry"}}, {"model": "veges.tags", "pk": 16, "fields": {"tag": "Chinese"}}, {"model": "veges.tags", "pk": 17, "fields": {"tag": "family-dinner"}}, {"model": "veges.tags", "pk": 18, "fields": {"tag": "Dinner"}}, {"model": "veges.tags", "pk": 19, "fields": {"tag": "Indian"}}, {"model": "veges.tags", "pk": 20, "fields": {"tag": "chilli"}}, {"model": "veges.tags", "pk": 21, "fields": {"tag": "American"}}, {"model": "veges.tags", "pk": 22, "fields": {"tag": "salads"}}, {"model": "veges.tags", "pk": 23, "fields": {"tag": "Mediterranean"}}, {"model": "veges.tags", "pk": 24, "fields": {"tag": "toast"}}, {"model": "veges.tags", "pk": 25, "fields": {"tag": "treat"}}, {"model": "veges.tags", "pk": 26, "fields": {"tag": "birthday"}}, {"model": "veges.tags", "pk": 27, "fields": {"tag": "snacks"}}, {"model": "veges.tags", "pk": 28, "fields": {"tag": "spicy"}}, {"model": "veges.tags", "pk": 29, "fields": {"tag": "sweet"}}, {"model": "veges.tags", "pk": 30, "fields": {"tag": "craving"}}, {"model": "veges.tags", "pk": 31, "fields": {"tag": "special"}}, {"model": "veges.tags", "pk": 32, "fields": {"tag": "pizza"}}, {"model": "veges.tags", "pk": 33, "fields": {"tag": "dinner"}}, {"model": "veges.tags", "pk": 34, "fields": {"tag": "paneer"}}, {"model": "veges.tags", "pk": 35, "fields": {"tag": "very tasty"}}, {"model": "veges.recp_category", "pk": 1, "fields": {"category": "Breakfast"}}, {"model": "veges.recp_category", "pk": 2, "fields": {"category": "Lunch"}}, {"model": "veges.recp_category", "pk": 3, "fields": {"category": "Dinner"}}, {"model": "veges.recp_category", "pk": 4, "fields": {"category": "dinner"}}, {"model": "veges.recipes", "pk": 31, "fields": {"user": 36, "recp_name": "curry quite race back until available", "recp_desp": "Bag lose evening fall. Talk interest case yes relate. Loss law protect.\nIn sometimes without program fish sell goal that. Stuff stand hundred treat. My left even their court protect wear better.", "recp_img": "img/recp_def\\def5.jpg", "recp_create_date": "2024-05-15T11:29:17.354Z", "recp_last_modified_date": "2024-05-15T11:29:17.667Z", "category": 3, "ratings": 3, "views": 53, "favourites": 16, "tags": [7, 17, 28]}}, {"model": "veges.recipes", "pk": 32, "fields": {"user": 27, "recp_name": "salad reality image too go", "recp_desp": "Relate sense lay early describe. Miss better defense strategy page.\nPast hand data catch trip throw. Positive however soldier reveal.", "recp_img": "img/recp_def\\def2.jpg", "recp_create_date": "2024-05-15T11:29:17.778Z", "recp_last_modified_date": "2024-05-15T11:29:18.072Z", "category": 1, "ratings": 1, "views": 79, "favourites": 10, "tags": [1, 24, 28, 30]}}, {"model": "veges.recipes", "pk": 33, "fields": {"user": 25, "recp_name": "cheesecake picture assume wife", "recp_desp": "Administration research cut. Focus reflect early public whole follow. Store upon heart region.\nIncrease begin seat. Language performance know condition.", "recp_img": "img/recp_def\\def2.jpg", "recp_create_date": "2024-05-15T11:29:18.214Z", "recp_last_modified_date": "2024-05-15T11:29:18.485Z", "category": 2, "ratings": 3, "views": 56, "favourites": 20, "tags": [3, 24, 27, 30]}}, {"model": "veges.recipes", "pk": 34, "fields": {"user": 37, "recp_name": "grilled cheese from order know", "recp_desp": "Huge argue this friend rate. Sit appear skin everyone could.\nWhich quite himself support recent political buy. Need teach prove use better if.", "recp_img": "img/recp_def\\def2.jpg", "recp_create_date": "2024-05-15T11:29:18.643Z", "recp_last_modified_date": "2024-05-15T11:29:18.900Z", "category": 3, "ratings": 3, "views": 11, "favourites": 20, "tags": [5, 9, 27]}}, {"model": "veges.recipes", "pk": 35, "fields": {"user": 1, "recp_name": "ice-cream leg true despite", "recp_desp": "Difficult bag actually lawyer compare.\nOrder change recent. Apply over citizen bank. Weight threat message easy central play.", "recp_img": "img/recp_def\\def5.jpg", "recp_create_date": "2024-05-15T11:29:19.033Z", "recp_last_modified_date": "2024-05-15T11:29:19.350Z", "category": 2, "ratings": 4, "views": 61, "favourites": 5, "tags": [5, 15, 21, 26]}}, {"model": "veges.recipes", "pk": 36, "fields": {"user": 32, "recp_name": "eggs win second", "recp_desp": "Deal present business current.\nPush city carry their rather sense. Feel economic matter race. Off least make deep.\nStep best father. Quality war each agree. You reason budget such.", "recp_img": "img/recp_def\\def4.jpg", "recp_create_date": "2024-05-15T11:29:19.497Z", "recp_last_modified_date": "2024-05-15T11:29:19.849Z", "category": 3, "ratings": 4, "views": 36, "favourites": 20, "tags": [3, 12, 16, 27]}}, {"model": "veges.recipes", "pk": 37, "fields": {"user": 26, "recp_name": "grilled cheese appear production", "recp_desp": "Quite manage beautiful enter follow technology watch. Such blood hard never late discuss available middle.", "recp_img": "img/recp_def\\def1.jpg", "recp_create_date": "2024-05-15T11:29:19.984Z", "recp_last_modified_date": "2024-05-15T11:29:20.269Z", "category": 3, "ratings": 2, "views": 37, "favourites": 5, "tags": [1, 5, 19, 23]}}, {"model": "veges.recipes", "pk": 38, "fields": {"user": 38, "recp_name": "ice-cream TV improve break garden", "recp_desp": "Black town want response for. Movement share relate. Along name discussion.", "recp_img": "img/recp_def\\def1.jpg", "recp_create_date": "2024-05-15T11:29:20.413Z", "recp_last_modified_date": "2024-05-15T11:29:20.733Z", "category": 2, "ratings": 3, "views": 58, "favourites": 13, "tags": [13, 23, 26, 30]}}, {"model": "veges.recipes", "pk": 39, "fields": {"user": 36, "recp_name": "spaghetti state open performance education research", "recp_desp": "Little security bill fight. Car perhaps vote majority chance.\nChild national country follow law visit. Edge half fund send.", "recp_img": "img/recp_def\\def1.jpg", "recp_create_date": "2024-05-15T11:29:20.864Z", "recp_last_modified_date": "2024-05-15T11:29:21.192Z", "category": 2, "ratings": 3, "views": 41, "favourites": 9, "tags": [18, 19, 20, 21]}}, {"model": "veges.recipes", "pk": 40, "fields": {"user": 2, "recp_name": "tacos couple", "recp_desp": "Base federal response need address class. Because wind if.", "recp_img": "img/recp_def\\def4.jpg", "recp_create_date": "2024-05-15T11:29:21.399Z", "recp_last_modified_date": "2024-05-15T11:29:21.718Z", "category": 2, "ratings": 1, "views": 78, "favourites": 16, "tags": [6, 20, 23]}}, {"model": "veges.recipes", "pk": 41, "fields": {"user": 31, "recp_name": "eggs through weight your old", "recp_desp": "When church central. Century media how long best subject. Meeting current property recognize. Enjoy again check against skill.", "recp_img": "img/recp_def\\def2.jpg", "recp_create_date": "2024-05-15T11:29:21.887Z", "recp_last_modified_date": "2024-05-15T11:29:22.594Z", "category": 1, "ratings": 5, "views": 64, "favourites": 9, "tags": [3, 20, 29]}}, {"model": "veges.recipes", "pk": 42, "fields": {"user": 32, "recp_name": "salad choose unit throw talk", "recp_desp": "Represent seem crime tell second. Million nearly shake business modern car important.\nAlready business cut experience television. Plan career with. Bad direction during character note.", "recp_img": "img/recp_def\\def4.jpg", "recp_create_date": "2024-05-15T11:29:23.035Z", "recp_last_modified_date": "2024-05-15T11:29:23.500Z", "category": 1, "ratings": 5, "views": 19, "favourites": 10, "tags": [2, 13, 17]}}, {"model": "veges.recipes", "pk": 43, "fields": {"user": 35, "recp_name": "spaghetti court sing", "recp_desp": "News themselves represent certainly position town billion. Local brother not owner state. Simple conference ability provide example scientist a.", "recp_img": "img/recp_def\\def6.jpg", "recp_create_date": "2024-05-15T11:29:23.720Z", "recp_last_modified_date": "2024-05-15T11:29:24.108Z", "category": 1, "ratings": 3, "views": 84, "favourites": 12, "tags": [2, 3, 13, 27]}}, {"model": "veges.recipes", "pk": 44, "fields": {"user": 34, "recp_name": "curry design", "recp_desp": "Subject baby international truth. Method those officer expect.\nStrategy common else piece glass successful. Ok forget day large toward often. No fund attention difference leg create.", "recp_img": "img/recp_def\\def5.jpg", "recp_create_date": "2024-05-15T11:29:24.259Z", "recp_last_modified_date": "2024-05-15T11:29:24.584Z", "category": 1, "ratings": 5, "views": 38, "favourites": 20, "tags": [14, 15, 17]}}, {"model": "veges.recipes", "pk": 45, "fields": {"user": 1, "recp_name": "grilled cheese under fly", "recp_desp": "Peace treatment statement itself our certain mean. Hope order behavior. Figure should with.\nHigh whatever through each power. Reality child her home off foreign side.", "recp_img": "img/recp_def\\def3.jpg", "recp_create_date": "2024-05-15T11:29:24.735Z", "recp_last_modified_date": "2024-05-15T11:29:25.091Z", "category": 3, "ratings": 1, "views": 46, "favourites": 15, "tags": [1, 5, 6, 13]}}, {"model": "veges.recipes", "pk": 46, "fields": {"user": 24, "recp_name": "spaghetti adult", "recp_desp": "Congress them feel half score. Condition yet bed out evidence some professional.\nSkin action ago chair dark. Candidate until despite sell beat bank term.", "recp_img": "img/recp_def\\def4.jpg", "recp_create_date": "2024-05-15T11:29:25.277Z", "recp_last_modified_date": "2024-05-15T11:29:25.589Z", "category": 1, "ratings": 4, "views": 42, "favourites": 11, "tags": [5, 9, 11, 21]}}, {"model": "veges.recipes", "pk": 47, "fields": {"user": 30, "recp_name": "pizza form performance", "recp_desp": "Sort affect night money statement. Surface never inside energy apply.\nLast political finish discuss manage inside southern. Person police top which training.", "recp_img": "img/recp_def\\def3.jpg", "recp_create_date": "2024-05-15T11:29:25.751Z", "recp_last_modified_date": "2024-05-15T11:29:26.107Z", "category": 1, "ratings": 2, "views": 17, "favourites": 18, "tags": [20, 25, 27]}}, {"model": "veges.recipes", "pk": 48, "fields": {"user": 32, "recp_name": "cheesecake box easy citizen machine", "recp_desp": "Their white include field shake hard. Hotel try husband yet Congress relate. Front increase particular simple describe every.\nBelieve grow million anything common hope. Result everything husband.", "recp_img": "img/recp_def\\def4.jpg", "recp_create_date": "2024-05-15T11:29:26.262Z", "recp_last_modified_date": "2024-05-15T11:29:26.613Z", "category": 2, "ratings": 4, "views": 39, "favourites": 19, "tags": [11, 12, 23, 29]}}, {"model": "veges.recipes", "pk": 49, "fields": {"user": 30, "recp_name": "ice-cream stock", "recp_desp": "Also article painting activity will where. Blue lot imagine author. Charge food town really attorney none.", "recp_img": "img/recp_def\\def3.jpg", "recp_create_date": "2024-05-15T11:29:26.783Z", "recp_last_modified_date": "2024-05-15T11:29:27.178Z", "category": 1, "ratings": 5, "views": 43, "favourites": 6, "tags": [1, 2, 4, 21]}}, {"model": "veges.recipes", "pk": 50, "fields": {"user": 37, "recp_name": "pancakes lead true they", "recp_desp": "Without sit base. Ahead measure popular event. Natural important happy entire whatever participant nor. Campaign song through hit role.", "recp_img": "img/recp_def\\def1.jpg", "recp_create_date": "2024-05-15T11:29:27.342Z", "recp_last_modified_date": "2024-05-15T11:29:27.670Z", "category": 1, "ratings": 2, "views": 83, "favourites": 15, "tags": [1, 17, 21, 26]}}, {"model": "veges.recipes", "pk": 55, "fields": {"user": 39, "recp_name": "Paneer Spice Supreme Pizza", "recp_desp": "Loaded with Paneer, Red Paprika, Olives and Jalapeno; The Best a No Onion No Garlic Pizza can get!", "recp_img": "recipe_img/new_peppy_paneer_FqlwRvJ.jpg", "recp_create_date": "2024-07-11T09:08:46.861Z", "recp_last_modified_date": "2024-07-11T09:08:46.869Z", "category": 4, "ratings": 0, "views": 0, "favourites": 0, "tags": [28, 32, 33, 34, 35]}}, {"model": "veges.comments", "pk": 1, "fields": {"user": 38, "recipe": 31, "com_text": "General theory seat trial.\nEight anything here animal provide picture all. Seem condition sense rock until conference energy. Poor different wonder goal upon.", "com_date": "2024-05-21T12:46:05.540Z"}}, {"model": "veges.comments", "pk": 2, "fields": {"user": 38, "recipe": 31, "com_text": "National they provide agree this none name. Result worker television system friend.\nDirector keep current let arm everything check. Morning including rule Mr never man measure.", "com_date": "2024-05-21T12:46:05.699Z"}}, {"model": "veges.comments", "pk": 3, "fields": {"user": 36, "recipe": 31, "com_text": "Teach local sing fly. Record song production factor result difficult. So decade strategy news talk investment already.\nAffect day beautiful and. Indeed drug quite executive in increase political.", "com_date": "2024-05-21T12:46:05.831Z"}}, {"model": "veges.comments", "pk": 4, "fields": {"user": 37, "recipe": 32, "com_text": "Someone continue more base indeed. Car style professional grow part.\nFront center arm decade effort others section. Not light rise lot hard art drop charge.", "com_date": "2024-05-21T12:46:06.007Z"}}, {"model": "veges.comments", "pk": 5, "fields": {"user": 24, "recipe": 32, "com_text": "Inside theory wish avoid offer term. Scene board direction.\nSpeak blood too best increase how speak. Floor song bed role all idea act size.\nTeam despite stuff old. Animal begin list happy.", "com_date": "2024-05-21T12:46:06.164Z"}}, {"model": "veges.comments", "pk": 6, "fields": {"user": 32, "recipe": 32, "com_text": "Level ok opportunity source four. Stuff beautiful trouble miss.\nWish not onto result bag he little save. Color such consumer include sort quite. Herself fire arrive billion simple music good.", "com_date": "2024-05-21T12:46:06.293Z"}}, {"model": "veges.comments", "pk": 7, "fields": {"user": 35, "recipe": 32, "com_text": "Land take heavy final sport sound old. New mother industry. Recently carry work respond quite.\nShow score letter leader garden. Cost participant hear during history listen.", "com_date": "2024-05-21T12:46:06.440Z"}}, {"model": "veges.comments", "pk": 8, "fields": {"user": 36, "recipe": 32, "com_text": "Mrs nation effort white. Tax coach small time. Explain listen painting opportunity.\nTrip establish outside former. Fund her relate different father sea. Present among mind receive not born.", "com_date": "2024-05-21T12:46:06.570Z"}}, {"model": "veges.comments", "pk": 9, "fields": {"user": 32, "recipe": 32, "com_text": "Test agree memory capital develop return. Get enjoy also attorney word piece. Particularly available southern board. Start employee eight lot why.", "com_date": "2024-05-21T12:46:06.698Z"}}, {"model": "veges.comments", "pk": 10, "fields": {"user": 37, "recipe": 34, "com_text": "Area region friend bar indeed outside. Expert several list fine break series lead. Administration shake certainly tough respond service answer. Mention security arm we enough seek culture cost.", "com_date": "2024-05-21T12:46:06.836Z"}}, {"model": "veges.comments", "pk": 11, "fields": {"user": 1, "recipe": 34, "com_text": "Claim sell now despite just fight by popular. Heart pattern act.\nAllow size join return. Hour perform what believe.", "com_date": "2024-05-21T12:46:06.954Z"}}, {"model": "veges.comments", "pk": 12, "fields": {"user": 38, "recipe": 34, "com_text": "Actually sing have various talk style. Grow section training simply. View sign line recent.\nThrow continue break director pressure young. Film mean either human. Bring democratic drug hospital.", "com_date": "2024-05-21T12:46:07.109Z"}}, {"model": "veges.comments", "pk": 13, "fields": {"user": 31, "recipe": 34, "com_text": "Turn green find six hand responsibility thought. Little sign experience or doctor. Class sort add writer.\nSend serious soldier skill yourself reality. Ten everything great information.", "com_date": "2024-05-21T12:46:07.269Z"}}, {"model": "veges.comments", "pk": 14, "fields": {"user": 36, "recipe": 35, "com_text": "Each cultural media that table hotel large. White total suddenly mean.\nLikely other little first low station. Trouble thousand provide attorney address whole agree.", "com_date": "2024-05-21T12:46:07.397Z"}}, {"model": "veges.comments", "pk": 15, "fields": {"user": 26, "recipe": 35, "com_text": "Civil after purpose improve just eight miss. Activity perhaps size. Quality such late everyone president guy notice voice. News here century open feeling true reason.", "com_date": "2024-05-21T12:46:07.548Z"}}, {"model": "veges.comments", "pk": 16, "fields": {"user": 25, "recipe": 35, "com_text": "Away lose this side south old center alone. Still establish although often.\nControl beyond wear main consider. Matter every tell sometimes model decide field.", "com_date": "2024-05-21T12:46:07.686Z"}}, {"model": "veges.comments", "pk": 17, "fields": {"user": 26, "recipe": 37, "com_text": "Management government have cover all top. Bank mention open human.", "com_date": "2024-05-21T12:46:07.854Z"}}, {"model": "veges.comments", "pk": 18, "fields": {"user": 30, "recipe": 37, "com_text": "Deep three itself together. Point yes million million certain try sound.\nSupport issue hear under itself. Apply film fall memory it dream.\nLast join matter. Ask third country practice suffer.", "com_date": "2024-05-21T12:46:07.986Z"}}, {"model": "veges.comments", "pk": 19, "fields": {"user": 37, "recipe": 37, "com_text": "Some deep seven quite meeting ever upon. This military medical hit wait machine food house.\nOnly manager summer share speak east form. Court movement huge address throw. Act there consumer might.", "com_date": "2024-05-21T12:46:08.121Z"}}, {"model": "veges.comments", "pk": 20, "fields": {"user": 26, "recipe": 37, "com_text": "Stop health another among. Consider want reason voice detail. Month hour arrive kitchen yet wear.\nMrs country direction month station very son. Contain level eight method. South occur strong drive.", "com_date": "2024-05-21T12:46:08.253Z"}}, {"model": "veges.comments", "pk": 21, "fields": {"user": 32, "recipe": 38, "com_text": "Issue central ahead. Case under special end city end foreign government. Walk audience class. Leave long serious management.\nAgreement each positive pay indeed television six.", "com_date": "2024-05-21T12:46:08.430Z"}}, {"model": "veges.comments", "pk": 22, "fields": {"user": 25, "recipe": 38, "com_text": "Suggest ten site medical. Two per bank policy lot room.\nCard according bag food determine me. Research economy civil appear. Man the risk toward try move wait.", "com_date": "2024-05-21T12:46:08.581Z"}}, {"model": "veges.comments", "pk": 23, "fields": {"user": 38, "recipe": 38, "com_text": "Sister begin relationship. Scene Mrs simple whom continue glass. Half necessary specific for win these later whole.\nStock seven campaign. President much action deep.", "com_date": "2024-05-21T12:46:08.758Z"}}, {"model": "veges.comments", "pk": 24, "fields": {"user": 31, "recipe": 39, "com_text": "Somebody power find your today former coach friend. It guess power there. Chance high skin investment position realize cultural price. Life sister point suffer federal meeting box article.", "com_date": "2024-05-21T12:46:08.914Z"}}, {"model": "veges.comments", "pk": 25, "fields": {"user": 29, "recipe": 39, "com_text": "Good because suffer dream human person floor. Hard senior eat rather become us stuff.", "com_date": "2024-05-21T12:46:09.053Z"}}, {"model": "veges.comments", "pk": 26, "fields": {"user": 29, "recipe": 39, "com_text": "Most this north relate network. Base central truth myself history attack onto pretty.\nBill American that capital east agreement arm. Report structure near yard. True because watch wrong.", "com_date": "2024-05-21T12:46:09.169Z"}}, {"model": "veges.comments", "pk": 27, "fields": {"user": 3, "recipe": 39, "com_text": "Same left girl. Her most economic political world share member change. Pretty available town arrive join.", "com_date": "2024-05-21T12:46:09.324Z"}}, {"model": "veges.comments", "pk": 28, "fields": {"user": 30, "recipe": 39, "com_text": "Since picture however rest toward change whether apply. Win north mention clear recent stock.\nNow hour program although traditional compare. From allow reach week.", "com_date": "2024-05-21T12:46:09.491Z"}}, {"model": "veges.comments", "pk": 29, "fields": {"user": 36, "recipe": 39, "com_text": "Focus do mind truth each leg. Wonder rich project scientist lead. Cultural lot than allow education charge today possible.", "com_date": "2024-05-21T12:46:09.631Z"}}, {"model": "veges.comments", "pk": 30, "fields": {"user": 33, "recipe": 40, "com_text": "Picture will including church join opportunity. Through line here. Would central peace arm college.\nAmount cultural nation heavy draw consumer run. Whose teacher family so draw news old sense.", "com_date": "2024-05-21T12:46:09.757Z"}}, {"model": "veges.comments", "pk": 31, "fields": {"user": 26, "recipe": 41, "com_text": "Garden able police professor my learn while. Security try bad night political should think.", "com_date": "2024-05-21T12:46:09.913Z"}}, {"model": "veges.comments", "pk": 32, "fields": {"user": 35, "recipe": 41, "com_text": "Nature since study though leader they personal. Wall behind week happy certainly talk.", "com_date": "2024-05-21T12:46:10.041Z"}}, {"model": "veges.comments", "pk": 33, "fields": {"user": 28, "recipe": 41, "com_text": "Color author citizen degree better. If rich huge window actually. Full may building send certain clearly.", "com_date": "2024-05-21T12:46:10.208Z"}}, {"model": "veges.comments", "pk": 34, "fields": {"user": 25, "recipe": 41, "com_text": "Authority safe government. Affect effort stock product artist new fact.\nOil himself never week. Cost daughter sense walk. Wish thought yourself let born much later.", "com_date": "2024-05-21T12:46:10.365Z"}}, {"model": "veges.comments", "pk": 35, "fields": {"user": 31, "recipe": 41, "com_text": "Rather culture military however yourself suggest western.\nBlue force two keep measure side. New identify there animal. Ok green paper.", "com_date": "2024-05-21T12:46:10.519Z"}}, {"model": "veges.comments", "pk": 36, "fields": {"user": 30, "recipe": 41, "com_text": "Commercial two energy beyond hear son test. Instead follow paper part participant. Spend office nature.", "com_date": "2024-05-21T12:46:10.636Z"}}, {"model": "veges.comments", "pk": 37, "fields": {"user": 29, "recipe": 42, "com_text": "Themselves notice most pull sing.\nOut in say spend wide range. Play wish make well skill across. Short rest hundred.\nEnd hear trip ask sing.\nExecutive begin staff generation owner half.", "com_date": "2024-05-21T12:46:10.774Z"}}, {"model": "veges.comments", "pk": 38, "fields": {"user": 31, "recipe": 42, "com_text": "Anyone every occur describe person. Leave human process. Occur bed population couple successful control.\nEach reduce play power resource. Democrat best even option prevent culture.", "com_date": "2024-05-21T12:46:10.941Z"}}, {"model": "veges.comments", "pk": 39, "fields": {"user": 29, "recipe": 42, "com_text": "Hard program people score. Account determine local trip field necessary step section.\nItself hot more deal report yourself government. But owner collection bill herself similar tend.", "com_date": "2024-05-21T12:46:11.091Z"}}, {"model": "veges.comments", "pk": 40, "fields": {"user": 28, "recipe": 42, "com_text": "Born thought course husband southern. Agency quickly card television store must.\nVery she within brother. Until board rule start fall woman table front.", "com_date": "2024-05-21T12:46:11.219Z"}}, {"model": "veges.comments", "pk": 41, "fields": {"user": 35, "recipe": 42, "com_text": "Seek three more really hotel body cut. Memory also indeed economic with. Statement star such teacher ahead decision. Man cup office way few.", "com_date": "2024-05-21T12:46:11.346Z"}}, {"model": "veges.comments", "pk": 42, "fields": {"user": 35, "recipe": 42, "com_text": "Education note forward around. Message now arrive.", "com_date": "2024-05-21T12:46:11.513Z"}}, {"model": "veges.comments", "pk": 43, "fields": {"user": 32, "recipe": 43, "com_text": "At agent company. Throughout marriage there. Oil race eye Democrat.\nInterview stop agency name. Several fly however upon coach total for.", "com_date": "2024-05-21T12:46:11.668Z"}}, {"model": "veges.comments", "pk": 44, "fields": {"user": 2, "recipe": 43, "com_text": "According land some wife. Impact perhaps create anything night.\nSo goal buy myself. Reduce start significant career likely little.", "com_date": "2024-05-21T12:46:11.819Z"}}, {"model": "veges.comments", "pk": 45, "fields": {"user": 35, "recipe": 43, "com_text": "Guess wide environmental yeah. When hospital young along. Prepare card would must.\nChoice life issue say. Against forward ball example relationship then region. Civil bad child always.", "com_date": "2024-05-21T12:46:11.958Z"}}, {"model": "veges.comments", "pk": 46, "fields": {"user": 1, "recipe": 43, "com_text": "Nearly future air tax behind nation with. Boy two water model note religious. Job end daughter simple matter dog.", "com_date": "2024-05-21T12:46:12.091Z"}}, {"model": "veges.comments", "pk": 47, "fields": {"user": 33, "recipe": 43, "com_text": "Newspaper heavy clear support wait many. Sport development think entire worry. Other challenge all us policy move sister.", "com_date": "2024-05-21T12:46:12.263Z"}}, {"model": "veges.comments", "pk": 48, "fields": {"user": 36, "recipe": 43, "com_text": "Purpose old heart different why. Leave spend green able. Career support protect way shake add among. Book much reason take realize.", "com_date": "2024-05-21T12:46:12.391Z"}}, {"model": "veges.comments", "pk": 49, "fields": {"user": 24, "recipe": 44, "com_text": "Add space every interest situation weight hand sign. Police save culture growth couple. Skill up feeling sport new.\nWord dream series wife catch less effort.", "com_date": "2024-05-21T12:46:12.590Z"}}, {"model": "veges.comments", "pk": 50, "fields": {"user": 31, "recipe": 44, "com_text": "Why entire specific us college.\nPlay name six tree single there read.\nBlack argue lot manage. Stay guess whole though. Effort would work camera get personal support.", "com_date": "2024-05-21T12:46:12.718Z"}}, {"model": "veges.comments", "pk": 51, "fields": {"user": 28, "recipe": 44, "com_text": "Garden wear item care short than. This arm city single system ready series. Seem challenge recently certain.", "com_date": "2024-05-21T12:46:12.847Z"}}, {"model": "veges.comments", "pk": 52, "fields": {"user": 28, "recipe": 44, "com_text": "Red lay president morning. Wear can similar analysis.\nArm Mrs most account move role attack. Matter without green beyond life. Alone play skill able big bag large.", "com_date": "2024-05-21T12:46:13.013Z"}}, {"model": "veges.comments", "pk": 53, "fields": {"user": 28, "recipe": 44, "com_text": "Might arrive car oil. Glass feeling behind administration interview peace deep lead. Until affect far although such.", "com_date": "2024-05-21T12:46:13.152Z"}}, {"model": "veges.comments", "pk": 54, "fields": {"user": 33, "recipe": 45, "com_text": "Operation certain lead look off partner write government. Popular interesting movie task between become.", "com_date": "2024-05-21T12:46:13.285Z"}}, {"model": "veges.comments", "pk": 55, "fields": {"user": 34, "recipe": 47, "com_text": "Between morning technology indeed some view. Candidate three glass free church.", "com_date": "2024-05-21T12:46:13.457Z"}}, {"model": "veges.comments", "pk": 56, "fields": {"user": 37, "recipe": 47, "com_text": "Admit environmental too agent. Share answer official growth medical call.\nPosition store debate professional law. Door soldier least service challenge. Station entire us manage itself.", "com_date": "2024-05-21T12:46:13.623Z"}}, {"model": "veges.comments", "pk": 57, "fields": {"user": 2, "recipe": 47, "com_text": "Soldier shoulder effect table east stay land wear. Pay political old accept community various.\nSave stuff eye anyone. Perform establish appear seven.", "com_date": "2024-05-21T12:46:13.774Z"}}, {"model": "veges.comments", "pk": 58, "fields": {"user": 27, "recipe": 47, "com_text": "First short to new paper. Detail term evening space church evening. Last high prevent choose teacher chance.\nPart exist price reflect. Politics successful begin into.", "com_date": "2024-05-21T12:46:13.940Z"}}, {"model": "veges.comments", "pk": 59, "fields": {"user": 1, "recipe": 48, "com_text": "Very break of kid note certainly. Week article how remember follow town.\nRoad thank single beautiful market as nice.\nThose name site up course well great be. Today much bag cell apply authority.", "com_date": "2024-05-21T12:46:14.056Z"}}, {"model": "veges.comments", "pk": 60, "fields": {"user": 3, "recipe": 49, "com_text": "Easy send impact. Police whatever head line daughter music. Another she difference entire. Daughter do today but wind either hour.", "com_date": "2024-05-21T12:46:14.223Z"}}, {"model": "veges.comments", "pk": 61, "fields": {"user": 36, "recipe": 49, "com_text": "Where weight fine step college school. Parent like create feel teach decide. Ask maybe relationship cut adult remain of. Race treatment wonder address.", "com_date": "2024-05-21T12:46:14.390Z"}}, {"model": "veges.comments", "pk": 62, "fields": {"user": 37, "recipe": 49, "com_text": "Road along reflect idea option. Raise remain smile news.\nDescribe music trouble myself class. None cause course behavior same.\nInside field call program rather could society.", "com_date": "2024-05-21T12:46:14.562Z"}}, {"model": "veges.comments", "pk": 63, "fields": {"user": 2, "recipe": 49, "com_text": "Member protect assume investment actually.\nResponse owner hope speech meeting far. Available walk safe sign fire entire. Grow a Mr young put hospital sometimes administration.", "com_date": "2024-05-21T12:46:14.690Z"}}, {"model": "veges.comments", "pk": 64, "fields": {"user": 35, "recipe": 49, "com_text": "Rock kind find two society. Set simply hospital ever can less. Something myself soon property economy cell live.\nCulture agree else live young leader. Candidate relate reduce.", "com_date": "2024-05-21T12:46:14.868Z"}}, {"model": "veges.comments", "pk": 65, "fields": {"user": 30, "recipe": 49, "com_text": "Specific good compare southern general house hold. Ball experience nor perform effort simple her. Whole note project visit wish.\nOil feeling fall people. Leave wonder seem information.", "com_date": "2024-05-21T12:46:15.023Z"}}, {"model": "veges.profile", "pk": 1, "fields": {"user": 1, "profile_img": "profile_img/default_profile_img.png"}}, {"model": "veges.profile", "pk": 2, "fields": {"user": 2, "profile_img": "profile_img/default_profile_img.png"}}, {"model": "veges.profile", "pk": 3, "fields": {"user": 3, "profile_img": "profile_img/default_profile_img.png"}}, {"model": "veges.profile", "pk": 4, "fields": {"user": 24, "profile_img": "profile_img/default_profile_img.png"}}, {"model": "veges.profile", "pk": 5, "fields": {"user": 25, "profile_img": "profile_img/default_profile_img.png"}}, {"model": "veges.profile", "pk": 6, "fields": {"user": 26, "profile_img": "profile_img/default_profile_img.png"}}, {"model": "veges.profile", "pk": 7, "fields": {"user": 27, "profile_img": "profile_img/default_profile_img.png"}}, {"model": "veges.profile", "pk": 8, "fields": {"user": 28, "profile_img": "profile_img/default_profile_img.png"}}, {"model": "veges.profile", "pk": 9, "fields": {"user": 29, "profile_img": "profile_img/default_profile_img.png"}}, {"model": "veges.profile", "pk": 10, "fields": {"user": 30, "profile_img": "profile_img/default_profile_img.png"}}, {"model": "veges.profile", "pk": 11, "fields": {"user": 31, "profile_img": "profile_img/default_profile_img.png"}}, {"model": "veges.profile", "pk": 12, "fields": {"user": 32, "profile_img": "profile_img/default_profile_img.png"}}, {"model": "veges.profile", "pk": 13, "fields": {"user": 33, "profile_img": "profile_img/default_profile_img.png"}}, {"model": "veges.profile", "pk": 14, "fields": {"user": 34, "profile_img": "profile_img/default_profile_img.png"}}, {"model": "veges.profile", "pk": 15, "fields": {"user": 35, "profile_img": "profile_img/default_profile_img.png"}}, {"model": "veges.profile", "pk": 16, "fields": {"user": 36, "profile_img": "profile_img/default_profile_img.png"}}, {"model": "veges.profile", "pk": 17, "fields": {"user": 37, "profile_img": "profile_img/default_profile_img.png"}}, {"model": "veges.profile", "pk": 18, "fields": {"user": 38, "profile_img": "profile_img/default_profile_img.png"}}, {"model": "veges.profile", "pk": 19, "fields": {"user": 39, "profile_img": "profile_img/default_profile_img.png"}}]